forecaster_type,forecaster,date,PS,VI,CI,DI
expert,cook,2019-01-09,0.06133928571428571,0.25,0.02562499999999999,0.21428571428571427
expert,sabato,2019-02-28,0.06580357142857142,0.25,0.05049744897959183,0.2346938775510204
expert,inside,2019-03-08,0.056470588235294106,0.2499038831218762,0.03359477124183006,0.22702806612841214
expert,inside,2019-04-05,0.056470588235294106,0.2499038831218762,0.03359477124183006,0.22702806612841214
expert,inside,2019-04-19,0.056470588235294106,0.2499038831218762,0.03359477124183006,0.22702806612841214
expert,sabato,2019-09-19,0.06419642857142856,0.25,0.04889030612244897,0.2346938775510204
expert,sabato,2019-11-07,0.06245535714285714,0.25,0.047149234693877544,0.2346938775510204
expert,inside,2019-12-19,0.056470588235294106,0.2499038831218762,0.03359477124183006,0.22702806612841214
quant_modeler,economist,2020-03-01,0.06254901960784313,0.2499038831218762,0.04947712418300652,0.2368319876970396
quant_modeler,jhk,2020-03-01,0.05633928571428571,0.25,0.026577380952380943,0.22023809523809526
quant_modeler,economist,2020-03-02,0.06436274509803921,0.2499038831218762,0.036584967320261425,0.2221261053440984
quant_modeler,jhk,2020-03-02,0.057187499999999995,0.25,0.024449404761904752,0.21726190476190474
quant_modeler,economist,2020-03-03,0.06436274509803921,0.2499038831218762,0.036584967320261425,0.2221261053440984
quant_modeler,jhk,2020-03-03,0.05508928571428571,0.25,0.019374999999999993,0.21428571428571427
quant_modeler,economist,2020-03-04,0.06794117647058823,0.2499038831218762,0.04179738562091503,0.223760092272203
quant_modeler,jhk,2020-03-04,0.055491071428571424,0.25,0.01977678571428571,0.21428571428571427
quant_modeler,economist,2020-03-05,0.06637254901960783,0.2499038831218762,0.02879084967320261,0.21232218377547096
quant_modeler,jhk,2020-03-05,0.05375,0.25,0.023988095238095232,0.22023809523809526
quant_modeler,economist,2020-03-06,0.06553921568627451,0.2499038831218762,0.02959150326797385,0.21395617070357556
quant_modeler,jhk,2020-03-06,0.05375,0.25,0.023988095238095232,0.22023809523809526
quant_modeler,economist,2020-03-07,0.065,0.2499038831218762,0.029052287581699338,0.21395617070357556
quant_modeler,jhk,2020-03-07,0.05459821428571428,0.25,0.021860119047619038,0.21726190476190474
quant_modeler,economist,2020-03-08,0.07357843137254902,0.2499038831218762,0.03763071895424836,0.21395617070357556
quant_modeler,jhk,2020-03-08,0.05040178571428571,0.25,0.03849702380952381,0.2380952380952381
expert,cook,2020-03-09,0.057499999999999996,0.25,0.023061224489795914,0.21556122448979592
quant_modeler,economist,2020-03-09,0.07068627450980391,0.2499038831218762,0.05107843137254901,0.23029603998462128
quant_modeler,jhk,2020-03-09,0.054107142857142854,0.25,0.021369047619047617,0.21726190476190474
quant_modeler,economist,2020-03-10,0.07088235294117647,0.2499038831218762,0.038202614379084954,0.2172241445597847
quant_modeler,jhk,2020-03-10,0.054107142857142854,0.25,0.021369047619047617,0.21726190476190474
quant_modeler,economist,2020-03-11,0.07308823529411765,0.2499038831218762,0.05021241830065359,0.22702806612841214
quant_modeler,jhk,2020-03-11,0.05272321428571428,0.25,0.01403273809523809,0.2113095238095238
quant_modeler,economist,2020-03-12,0.07308823529411765,0.2499038831218762,0.05021241830065359,0.22702806612841214
quant_modeler,jhk,2020-03-12,0.053214285714285714,0.25,0.014523809523809519,0.2113095238095238
quant_modeler,economist,2020-03-13,0.07161764705882352,0.2499038831218762,0.04874183006535947,0.22702806612841214
quant_modeler,jhk,2020-03-13,0.05504464285714285,0.25,0.02528273809523809,0.22023809523809526
quant_modeler,economist,2020-03-14,0.07014705882352941,0.2499038831218762,0.057075163398692806,0.2368319876970396
quant_modeler,jhk,2020-03-14,0.054107142857142854,0.25,0.02434523809523809,0.22023809523809526
quant_modeler,economist,2020-03-15,0.06549019607843137,0.2499038831218762,0.05241830065359476,0.2368319876970396
quant_modeler,jhk,2020-03-15,0.05415178571428571,0.25,0.024389880952380948,0.22023809523809526
quant_modeler,economist,2020-03-16,0.06627450980392156,0.2499038831218762,0.06627450980392156,0.2499038831218762
quant_modeler,jhk,2020-03-16,0.05308035714285714,0.25,0.03224702380952381,0.22916666666666669
quant_modeler,economist,2020-03-17,0.06553921568627451,0.2499038831218762,0.045931372549019606,0.23029603998462128
quant_modeler,jhk,2020-03-17,0.051517857142857136,0.25,0.024732142857142852,0.22321428571428573
quant_modeler,economist,2020-03-18,0.06279411764705882,0.2499038831218762,0.049722222222222216,0.2368319876970396
quant_modeler,jhk,2020-03-18,0.049999999999999996,0.25,0.029166666666666664,0.22916666666666669
quant_modeler,economist,2020-03-19,0.06401960784313725,0.2499038831218762,0.054215686274509796,0.24009996155324873
quant_modeler,jhk,2020-03-19,0.049999999999999996,0.25,0.029166666666666664,0.22916666666666669
quant_modeler,economist,2020-03-20,0.06377450980392156,0.2499038831218762,0.06377450980392156,0.2499038831218762
quant_modeler,jhk,2020-03-20,0.05004464285714285,0.25,0.029211309523809518,0.22916666666666669
quant_modeler,economist,2020-03-21,0.06450980392156863,0.2499038831218762,0.06450980392156863,0.2499038831218762
quant_modeler,jhk,2020-03-21,0.049999999999999996,0.25,0.029166666666666664,0.22916666666666669
quant_modeler,economist,2020-03-22,0.06519607843137254,0.2499038831218762,0.06519607843137254,0.2499038831218762
quant_modeler,jhk,2020-03-22,0.05223214285714285,0.25,0.04330357142857143,0.24107142857142858
quant_modeler,economist,2020-03-23,0.06519607843137254,0.2499038831218762,0.06519607843137254,0.2499038831218762
quant_modeler,jhk,2020-03-23,0.051651785714285706,0.25,0.04272321428571428,0.24107142857142858
quant_modeler,economist,2020-03-24,0.06588235294117646,0.2499038831218762,0.06588235294117646,0.2499038831218762
quant_modeler,jhk,2020-03-24,0.05098214285714286,0.25,0.042053571428571426,0.24107142857142858
quant_modeler,economist,2020-03-25,0.06764705882352941,0.2499038831218762,0.05457516339869281,0.2368319876970396
quant_modeler,jhk,2020-03-25,0.05147321428571428,0.25,0.04254464285714286,0.24107142857142858
quant_modeler,economist,2020-03-26,0.06926470588235294,0.2499038831218762,0.049656862745098035,0.23029603998462128
quant_modeler,jhk,2020-03-26,0.05160714285714285,0.25,0.04267857142857142,0.24107142857142858
quant_modeler,economist,2020-03-27,0.06926470588235294,0.2499038831218762,0.049656862745098035,0.23029603998462128
quant_modeler,jhk,2020-03-27,0.051517857142857136,0.25,0.04258928571428571,0.24107142857142858
quant_modeler,economist,2020-03-28,0.06926470588235294,0.2499038831218762,0.049656862745098035,0.23029603998462128
quant_modeler,jhk,2020-03-28,0.051651785714285706,0.25,0.04272321428571428,0.24107142857142858
quant_modeler,economist,2020-03-29,0.06926470588235294,0.2499038831218762,0.049656862745098035,0.23029603998462128
quant_modeler,jhk,2020-03-29,0.051517857142857136,0.25,0.04258928571428571,0.24107142857142858
quant_modeler,economist,2020-03-30,0.0684313725490196,0.2499038831218762,0.0488235294117647,0.23029603998462128
quant_modeler,jhk,2020-03-30,0.05160714285714285,0.25,0.04267857142857142,0.24107142857142858
quant_modeler,economist,2020-03-31,0.0684313725490196,0.2499038831218762,0.0488235294117647,0.23029603998462128
quant_modeler,jhk,2020-03-31,0.051339285714285705,0.25,0.04241071428571428,0.24107142857142858
quant_modeler,economist,2020-04-01,0.06259803921568627,0.2499038831218762,0.03972222222222222,0.22702806612841214
quant_modeler,jhk,2020-04-01,0.05178571428571428,0.25,0.04285714285714286,0.24107142857142858
quant_modeler,economist,2020-04-02,0.05990196078431372,0.2499038831218762,0.03702614379084967,0.22702806612841214
quant_modeler,jhk,2020-04-02,0.05183035714285714,0.25,0.04290178571428571,0.24107142857142858
expert,sabato,2020-04-02,0.06058035714285714,0.25,0.03141369047619048,0.22083333333333335
quant_modeler,economist,2020-04-03,0.062107843137254905,0.2499038831218762,0.04249999999999999,0.23029603998462128
expert,inside,2020-04-03,0.050735294117647045,0.2499038831218762,0.0213235294117647,0.22049211841599384
quant_modeler,jhk,2020-04-03,0.05084821428571428,0.25,0.030014880952380946,0.22916666666666669
quant_modeler,economist,2020-04-04,0.06137254901960784,0.2499038831218762,0.04176470588235294,0.23029603998462128
quant_modeler,jhk,2020-04-04,0.05142857142857143,0.25,0.03059523809523809,0.22916666666666669
quant_modeler,economist,2020-04-05,0.061568627450980386,0.2499038831218762,0.041960784313725484,0.23029603998462128
quant_modeler,jhk,2020-04-05,0.05098214285714286,0.25,0.03014880952380952,0.22916666666666669
quant_modeler,economist,2020-04-06,0.06215686274509804,0.2499038831218762,0.03928104575163398,0.22702806612841214
quant_modeler,jhk,2020-04-06,0.051205357142857136,0.25,0.018467261904761896,0.21726190476190474
quant_modeler,economist,2020-04-07,0.06200980392156862,0.2499038831218762,0.03913398692810457,0.22702806612841214
quant_modeler,jhk,2020-04-07,0.05272321428571428,0.25,0.01403273809523809,0.2113095238095238
quant_modeler,economist,2020-04-08,0.06235294117647058,0.2499038831218762,0.039477124183006536,0.22702806612841214
quant_modeler,jhk,2020-04-08,0.049464285714285704,0.25,0.02267857142857142,0.22321428571428573
quant_modeler,economist,2020-04-09,0.06220588235294117,0.2499038831218762,0.04259803921568627,0.23029603998462128
quant_modeler,jhk,2020-04-09,0.05102678571428571,0.25,0.021264880952380945,0.22023809523809526
quant_modeler,economist,2020-04-10,0.062058823529411763,0.2499038831218762,0.042450980392156855,0.23029603998462128
quant_modeler,jhk,2020-04-10,0.050312499999999996,0.25,0.02947916666666666,0.22916666666666669
quant_modeler,economist,2020-04-11,0.062058823529411763,0.2499038831218762,0.042450980392156855,0.23029603998462128
quant_modeler,jhk,2020-04-11,0.05040178571428571,0.25,0.029568452380952372,0.22916666666666669
quant_modeler,economist,2020-04-12,0.06235294117647058,0.2499038831218762,0.039477124183006536,0.22702806612841214
quant_modeler,jhk,2020-04-12,0.04950892857142857,0.25,0.025699404761904753,0.2261904761904762
quant_modeler,economist,2020-04-13,0.05754901960784314,0.2499038831218762,0.033039215686274506,0.22539407920030755
quant_modeler,jhk,2020-04-13,0.05026785714285714,0.25,0.026458333333333327,0.2261904761904762
quant_modeler,economist,2020-04-14,0.05774509803921568,0.2499038831218762,0.023431372549019603,0.2155901576316801
quant_modeler,jhk,2020-04-14,0.051071428571428566,0.25,0.01833333333333333,0.21726190476190474
quant_modeler,economist,2020-04-15,0.056715686274509805,0.2499038831218762,0.03383986928104575,0.22702806612841214
quant_modeler,jhk,2020-04-15,0.05008928571428571,0.25,0.023303571428571423,0.22321428571428573
quant_modeler,economist,2020-04-16,0.05225490196078431,0.2499038831218762,0.027745098039215682,0.22539407920030755
quant_modeler,jhk,2020-04-16,0.048928571428571425,0.25,0.022142857142857134,0.22321428571428573
quant_modeler,economist,2020-04-17,0.051764705882352935,0.2499038831218762,0.02725490196078431,0.22539407920030755
quant_modeler,jhk,2020-04-17,0.048928571428571425,0.25,0.022142857142857134,0.22321428571428573
quant_modeler,economist,2020-04-18,0.051617647058823525,0.2499038831218762,0.027107843137254898,0.22539407920030755
quant_modeler,jhk,2020-04-18,0.04883928571428571,0.25,0.019077380952380946,0.22023809523809526
quant_modeler,economist,2020-04-19,0.051617647058823525,0.2499038831218762,0.027107843137254898,0.22539407920030755
quant_modeler,jhk,2020-04-19,0.048482142857142856,0.25,0.021696428571428564,0.22321428571428573
quant_modeler,economist,2020-04-20,0.051764705882352935,0.2499038831218762,0.02725490196078431,0.22539407920030755
quant_modeler,jhk,2020-04-20,0.04973214285714285,0.25,0.02294642857142857,0.22321428571428573
quant_modeler,economist,2020-04-21,0.0503921568627451,0.2499038831218762,0.025882352941176467,0.22539407920030755
quant_modeler,jhk,2020-04-21,0.04723214285714285,0.25,0.029374999999999995,0.23214285714285715
quant_modeler,economist,2020-04-22,0.04774509803921568,0.2499038831218762,0.03467320261437908,0.2368319876970396
quant_modeler,jhk,2020-04-22,0.04852678571428571,0.25,0.021741071428571426,0.22321428571428573
quant_modeler,economist,2020-04-23,0.04857843137254901,0.2499038831218762,0.035506535947712414,0.2368319876970396
quant_modeler,jhk,2020-04-23,0.048482142857142856,0.25,0.021696428571428568,0.22321428571428573
quant_modeler,economist,2020-04-24,0.04774509803921568,0.2499038831218762,0.03794117647058823,0.24009996155324873
quant_modeler,jhk,2020-04-24,0.04665178571428571,0.25,0.028794642857142855,0.23214285714285715
quant_modeler,economist,2020-04-25,0.04784313725490195,0.2499038831218762,0.038039215686274504,0.24009996155324873
quant_modeler,jhk,2020-04-25,0.04714285714285714,0.25,0.02035714285714285,0.22321428571428573
quant_modeler,economist,2020-04-26,0.046421568627450976,0.2499038831218762,0.046421568627450976,0.2499038831218762
quant_modeler,jhk,2020-04-26,0.046919642857142854,0.25,0.020133928571428567,0.22321428571428573
quant_modeler,economist,2020-04-27,0.04647058823529411,0.2499038831218762,0.03666666666666666,0.24009996155324873
quant_modeler,jhk,2020-04-27,0.048035714285714286,0.25,0.021249999999999995,0.22321428571428573
quant_modeler,economist,2020-04-28,0.04808823529411764,0.2499038831218762,0.035016339869281037,0.2368319876970396
quant_modeler,jhk,2020-04-28,0.047857142857142855,0.25,0.038928571428571423,0.24107142857142858
quant_modeler,economist,2020-04-29,0.04725490196078431,0.2499038831218762,0.03745098039215686,0.24009996155324873
quant_modeler,jhk,2020-04-29,0.04875,0.25,0.03089285714285714,0.23214285714285715
quant_modeler,economist,2020-04-30,0.046421568627450976,0.2499038831218762,0.046421568627450976,0.2499038831218762
quant_modeler,jhk,2020-04-30,0.04973214285714285,0.25,0.019970238095238093,0.22023809523809526
quant_modeler,economist,2020-05-01,0.04828431372549019,0.2499038831218762,0.02867647058823529,0.23029603998462128
quant_modeler,jhk,2020-05-01,0.04973214285714285,0.25,0.019970238095238093,0.22023809523809526
quant_modeler,economist,2020-05-02,0.04573529411764705,0.2499038831218762,0.026127450980392153,0.23029603998462128
quant_modeler,jhk,2020-05-02,0.049062499999999995,0.25,0.02227678571428571,0.22321428571428573
quant_modeler,economist,2020-05-03,0.04328431372549019,0.2499038831218762,0.04328431372549019,0.2499038831218762
quant_modeler,jhk,2020-05-03,0.048348214285714286,0.25,0.021562500000000002,0.22321428571428573
quant_modeler,economist,2020-05-04,0.042156862745098035,0.2499038831218762,0.042156862745098035,0.2499038831218762
quant_modeler,jhk,2020-05-04,0.04941964285714285,0.25,0.019657738095238093,0.22023809523809526
quant_modeler,economist,2020-05-05,0.042303921568627445,0.2499038831218762,0.042303921568627445,0.2499038831218762
quant_modeler,jhk,2020-05-05,0.048258928571428564,0.25,0.039330357142857146,0.24107142857142858
quant_modeler,economist,2020-05-06,0.04323529411764706,0.2499038831218762,0.0334313725490196,0.24009996155324873
quant_modeler,jhk,2020-05-06,0.048258928571428564,0.25,0.039330357142857146,0.24107142857142858
quant_modeler,economist,2020-05-07,0.042450980392156855,0.2499038831218762,0.03264705882352941,0.24009996155324873
quant_modeler,jhk,2020-05-07,0.04732142857142857,0.25,0.03541666666666666,0.2380952380952381
quant_modeler,economist,2020-05-08,0.04117647058823529,0.2499038831218762,0.03137254901960784,0.24009996155324873
quant_modeler,jhk,2020-05-08,0.04642857142857143,0.25,0.03452380952380952,0.2380952380952381
quant_modeler,economist,2020-05-09,0.04112745098039215,0.2499038831218762,0.0313235294117647,0.24009996155324873
quant_modeler,jhk,2020-05-09,0.047410714285714285,0.25,0.035505952380952374,0.2380952380952381
quant_modeler,economist,2020-05-10,0.041715686274509806,0.2499038831218762,0.03191176470588235,0.24009996155324873
quant_modeler,jhk,2020-05-10,0.04683035714285714,0.25,0.03790178571428571,0.24107142857142858
quant_modeler,economist,2020-05-11,0.04225490196078431,0.2499038831218762,0.03245098039215686,0.24009996155324873
quant_modeler,jhk,2020-05-11,0.046294642857142854,0.25,0.028437499999999998,0.23214285714285715
quant_modeler,economist,2020-05-12,0.04225490196078431,0.2499038831218762,0.03245098039215686,0.24009996155324873
quant_modeler,jhk,2020-05-12,0.044196428571428574,0.25,0.023363095238095235,0.22916666666666669
quant_modeler,economist,2020-05-13,0.042303921568627445,0.2499038831218762,0.032499999999999994,0.24009996155324873
quant_modeler,jhk,2020-05-13,0.045535714285714284,0.25,0.03363095238095238,0.2380952380952381
quant_modeler,economist,2020-05-14,0.04122549019607842,0.2499038831218762,0.03142156862745098,0.24009996155324873
quant_modeler,jhk,2020-05-14,0.04321428571428571,0.25,0.025357142857142856,0.23214285714285715
quant_modeler,economist,2020-05-15,0.04112745098039215,0.2499038831218762,0.04112745098039215,0.2499038831218762
quant_modeler,jhk,2020-05-15,0.04415178571428572,0.25,0.03224702380952381,0.2380952380952381
quant_modeler,economist,2020-05-16,0.04254901960784314,0.2499038831218762,0.03274509803921568,0.24009996155324873
quant_modeler,jhk,2020-05-16,0.042499999999999996,0.25,0.02464285714285714,0.23214285714285715
quant_modeler,economist,2020-05-17,0.042303921568627445,0.2499038831218762,0.032499999999999994,0.24009996155324873
quant_modeler,jhk,2020-05-17,0.04375,0.25,0.03482142857142857,0.24107142857142858
quant_modeler,economist,2020-05-18,0.042156862745098035,0.2499038831218762,0.032352941176470584,0.24009996155324873
quant_modeler,jhk,2020-05-18,0.04352678571428571,0.25,0.03459821428571429,0.24107142857142858
quant_modeler,economist,2020-05-19,0.04240196078431372,0.2499038831218762,0.03259803921568627,0.24009996155324873
quant_modeler,jhk,2020-05-19,0.045267857142857144,0.25,0.03633928571428572,0.24107142857142858
quant_modeler,economist,2020-05-20,0.039950980392156867,0.2499038831218762,0.03014705882352941,0.24009996155324873
quant_modeler,jhk,2020-05-20,0.04424107142857143,0.25,0.026383928571428572,0.23214285714285715
quant_modeler,economist,2020-05-21,0.039950980392156867,0.2499038831218762,0.030147058823529412,0.24009996155324873
quant_modeler,jhk,2020-05-21,0.04424107142857143,0.25,0.026383928571428572,0.23214285714285715
quant_modeler,economist,2020-05-22,0.03980392156862745,0.2499038831218762,0.03980392156862745,0.2499038831218762
quant_modeler,jhk,2020-05-22,0.04339285714285714,0.25,0.022559523809523807,0.22916666666666669
quant_modeler,economist,2020-05-23,0.03980392156862745,0.2499038831218762,0.03980392156862745,0.2499038831218762
quant_modeler,jhk,2020-05-23,0.04339285714285714,0.25,0.022559523809523807,0.22916666666666669
quant_modeler,economist,2020-05-24,0.039705882352941174,0.2499038831218762,0.039705882352941174,0.2499038831218762
quant_modeler,jhk,2020-05-24,0.04441964285714285,0.25,0.032514880952380955,0.2380952380952381
quant_modeler,economist,2020-05-25,0.039558823529411764,0.2499038831218762,0.039558823529411764,0.2499038831218762
quant_modeler,jhk,2020-05-25,0.04473214285714285,0.25,0.032827380952380955,0.2380952380952381
quant_modeler,economist,2020-05-26,0.03980392156862745,0.2499038831218762,0.03980392156862745,0.2499038831218762
quant_modeler,jhk,2020-05-26,0.0440625,0.25,0.03513392857142857,0.24107142857142858
quant_modeler,economist,2020-05-27,0.039950980392156867,0.2499038831218762,0.039950980392156867,0.2499038831218762
quant_modeler,jhk,2020-05-27,0.042812499999999996,0.25,0.024955357142857144,0.23214285714285715
quant_modeler,economist,2020-05-28,0.03980392156862745,0.2499038831218762,0.03980392156862745,0.2499038831218762
quant_modeler,jhk,2020-05-28,0.04383928571428571,0.25,0.03491071428571429,0.24107142857142858
quant_modeler,economist,2020-05-29,0.03990196078431372,0.2499038831218762,0.03990196078431372,0.2499038831218762
quant_modeler,jhk,2020-05-29,0.043258928571428566,0.25,0.03433035714285714,0.24107142857142858
quant_modeler,economist,2020-05-30,0.039950980392156867,0.2499038831218762,0.039950980392156867,0.2499038831218762
quant_modeler,jhk,2020-05-30,0.04383928571428571,0.25,0.03491071428571429,0.24107142857142858
quant_modeler,economist,2020-05-31,0.04044117647058824,0.2499038831218762,0.030637254901960783,0.24009996155324873
quant_modeler,jhk,2020-05-31,0.04486607142857143,0.25,0.035937500000000004,0.24107142857142858
quant_modeler,538,2020-06-01,0.046607142857142854,0.25,0.03767857142857143,0.24107142857142858
quant_modeler,economist,2020-06-01,0.03848039215686275,0.2499038831218762,0.018872549019607842,0.23029603998462128
quant_modeler,jhk,2020-06-01,0.043437500000000004,0.25,0.03153273809523809,0.2380952380952381
quant_modeler,538,2020-06-02,0.04700892857142857,0.25,0.03808035714285714,0.24107142857142858
quant_modeler,economist,2020-06-02,0.03803921568627451,0.2499038831218762,0.01843137254901961,0.23029603998462128
quant_modeler,jhk,2020-06-02,0.043883928571428574,0.25,0.03197916666666666,0.2380952380952381
quant_modeler,538,2020-06-03,0.046517857142857146,0.25,0.025684523809523806,0.22916666666666669
quant_modeler,economist,2020-06-03,0.039068627450980394,0.2499038831218762,0.01946078431372549,0.23029603998462128
quant_modeler,jhk,2020-06-03,0.04348214285714286,0.25,0.031577380952380954,0.2380952380952381
quant_modeler,538,2020-06-04,0.047366071428571424,0.25,0.026532738095238095,0.22916666666666669
quant_modeler,economist,2020-06-04,0.03985294117647059,0.2499038831218762,0.020245098039215686,0.23029603998462128
quant_modeler,jhk,2020-06-04,0.04285714285714286,0.25,0.030952380952380953,0.2380952380952381
quant_modeler,538,2020-06-05,0.04562499999999999,0.25,0.03669642857142857,0.24107142857142858
quant_modeler,economist,2020-06-05,0.039411764705882354,0.2499038831218762,0.019803921568627453,0.23029603998462128
quant_modeler,jhk,2020-06-05,0.042946428571428566,0.25,0.031041666666666665,0.2380952380952381
quant_modeler,538,2020-06-06,0.04558035714285714,0.25,0.03665178571428571,0.24107142857142858
quant_modeler,economist,2020-06-06,0.039411764705882354,0.2499038831218762,0.019803921568627453,0.23029603998462128
quant_modeler,jhk,2020-06-06,0.04446428571428571,0.25,0.03255952380952381,0.2380952380952381
quant_modeler,538,2020-06-07,0.046160714285714284,0.25,0.03723214285714286,0.24107142857142858
quant_modeler,economist,2020-06-07,0.03926470588235294,0.2499038831218762,0.01965686274509804,0.23029603998462128
quant_modeler,jhk,2020-06-07,0.04397321428571428,0.25,0.032068452380952385,0.2380952380952381
quant_modeler,538,2020-06-08,0.04620535714285714,0.25,0.037276785714285714,0.24107142857142858
quant_modeler,economist,2020-06-08,0.03872549019607843,0.2499038831218762,0.019117647058823527,0.23029603998462128
quant_modeler,jhk,2020-06-08,0.04339285714285714,0.25,0.03446428571428571,0.24107142857142858
quant_modeler,538,2020-06-09,0.04674107142857143,0.25,0.02590773809523809,0.22916666666666669
quant_modeler,economist,2020-06-09,0.039950980392156867,0.2499038831218762,0.030147058823529412,0.24009996155324873
quant_modeler,jhk,2020-06-09,0.043883928571428574,0.25,0.03197916666666667,0.2380952380952381
quant_modeler,538,2020-06-10,0.046919642857142854,0.25,0.02013392857142857,0.22321428571428573
quant_modeler,economist,2020-06-10,0.04024509803921569,0.2499038831218762,0.020637254901960785,0.23029603998462128
quant_modeler,jhk,2020-06-10,0.04459821428571429,0.25,0.032693452380952386,0.2380952380952381
quant_modeler,538,2020-06-11,0.04732142857142857,0.25,0.029464285714285714,0.23214285714285715
quant_modeler,economist,2020-06-11,0.04083333333333333,0.2499038831218762,0.02122549019607843,0.23029603998462128
quant_modeler,jhk,2020-06-11,0.045401785714285714,0.25,0.03349702380952381,0.2380952380952381
quant_modeler,538,2020-06-12,0.04709821428571428,0.25,0.02924107142857143,0.23214285714285715
quant_modeler,economist,2020-06-12,0.040588235294117654,0.2499038831218762,0.020980392156862746,0.23029603998462128
quant_modeler,jhk,2020-06-12,0.04580357142857143,0.25,0.033898809523809526,0.2380952380952381
quant_modeler,538,2020-06-13,0.048258928571428564,0.25,0.03933035714285714,0.24107142857142858
quant_modeler,economist,2020-06-13,0.04151960784313726,0.2499038831218762,0.031715686274509804,0.24009996155324878
quant_modeler,jhk,2020-06-13,0.045401785714285714,0.25,0.03349702380952381,0.2380952380952381
quant_modeler,538,2020-06-14,0.048035714285714286,0.25,0.039107142857142854,0.24107142857142858
quant_modeler,economist,2020-06-14,0.04137254901960785,0.2499038831218762,0.031568627450980394,0.24009996155324878
quant_modeler,jhk,2020-06-14,0.04598214285714286,0.25,0.025148809523809525,0.22916666666666669
quant_modeler,538,2020-06-15,0.04830357142857143,0.25,0.039375,0.24107142857142858
quant_modeler,economist,2020-06-15,0.04083333333333333,0.2499038831218762,0.031029411764705882,0.24009996155324873
quant_modeler,jhk,2020-06-15,0.04544642857142857,0.25,0.02461309523809524,0.22916666666666669
quant_modeler,538,2020-06-16,0.048124999999999994,0.25,0.03919642857142857,0.24107142857142858
quant_modeler,economist,2020-06-16,0.04240196078431373,0.2499038831218762,0.04240196078431373,0.24990388312187622
quant_modeler,jhk,2020-06-16,0.04366071428571429,0.25,0.03473214285714286,0.24107142857142858
quant_modeler,538,2020-06-17,0.047723214285714285,0.25,0.038794642857142854,0.24107142857142858
quant_modeler,economist,2020-06-17,0.04102941176470589,0.2499038831218762,0.04102941176470589,0.24990388312187622
quant_modeler,jhk,2020-06-17,0.04410714285714286,0.25,0.032202380952380955,0.2380952380952381
quant_modeler,538,2020-06-18,0.0490625,0.25,0.028229166666666666,0.22916666666666669
quant_modeler,economist,2020-06-18,0.04,0.2499038831218762,0.03019607843137255,0.24009996155324878
quant_modeler,jhk,2020-06-18,0.044642857142857144,0.25,0.03571428571428571,0.24107142857142858
quant_modeler,538,2020-06-19,0.04888392857142857,0.25,0.019122023809523808,0.22023809523809526
expert,cook,2020-06-19,0.059375,0.25,0.02217261904761904,0.21279761904761904
quant_modeler,economist,2020-06-19,0.04093137254901961,0.2499038831218762,0.021323529411764703,0.23029603998462128
quant_modeler,jhk,2020-06-19,0.04428571428571428,0.25,0.03535714285714286,0.24107142857142858
quant_modeler,538,2020-06-20,0.04812500000000001,0.25,0.021339285714285717,0.22321428571428573
quant_modeler,economist,2020-06-20,0.04102941176470589,0.2499038831218762,0.04102941176470589,0.24990388312187622
quant_modeler,jhk,2020-06-20,0.04473214285714285,0.25,0.03580357142857143,0.24107142857142858
quant_modeler,538,2020-06-21,0.04812500000000001,0.25,0.021339285714285717,0.22321428571428573
quant_modeler,economist,2020-06-21,0.04102941176470589,0.2499038831218762,0.04102941176470589,0.24990388312187622
quant_modeler,jhk,2020-06-21,0.04428571428571428,0.25,0.03535714285714286,0.24107142857142858
quant_modeler,538,2020-06-22,0.047008928571428577,0.25,0.029151785714285717,0.23214285714285715
quant_modeler,economist,2020-06-22,0.042156862745098035,0.2499038831218762,0.02254901960784314,0.23029603998462128
quant_modeler,jhk,2020-06-22,0.045178571428571436,0.25,0.03625,0.24107142857142858
quant_modeler,538,2020-06-23,0.047008928571428577,0.25,0.029151785714285717,0.23214285714285715
quant_modeler,economist,2020-06-23,0.0425,0.2499038831218762,0.022892156862745098,0.23029603998462128
quant_modeler,jhk,2020-06-23,0.04486607142857142,0.25,0.032961309523809525,0.2380952380952381
quant_modeler,538,2020-06-24,0.047455357142857146,0.25,0.029598214285714287,0.23214285714285715
quant_modeler,economist,2020-06-24,0.040539215686274506,0.2499038831218762,0.011127450980392157,0.22049211841599384
quant_modeler,jhk,2020-06-24,0.044955357142857144,0.25,0.03305059523809524,0.2380952380952381
quant_modeler,538,2020-06-25,0.0471875,0.25,0.029330357142857144,0.23214285714285715
quant_modeler,economist,2020-06-25,0.041715686274509806,0.2499038831218762,0.031911764705882355,0.24009996155324873
quant_modeler,jhk,2020-06-25,0.0459375,0.25,0.03700892857142857,0.24107142857142858
expert,sabato,2020-06-25,0.06058035714285714,0.25,0.02486607142857142,0.21428571428571427
quant_modeler,538,2020-06-26,0.049553571428571426,0.25,0.028720238095238097,0.22916666666666669
quant_modeler,economist,2020-06-26,0.041666666666666664,0.2499038831218762,0.031862745098039214,0.24009996155324873
quant_modeler,jhk,2020-06-26,0.046741071428571423,0.25,0.03781249999999999,0.24107142857142858
quant_modeler,538,2020-06-27,0.04982142857142857,0.25,0.02005952380952381,0.22023809523809526
quant_modeler,economist,2020-06-27,0.041715686274509806,0.2499038831218762,0.031911764705882355,0.24009996155324873
quant_modeler,jhk,2020-06-27,0.0446875,0.25,0.032782738095238094,0.2380952380952381
quant_modeler,538,2020-06-28,0.04901785714285715,0.25,0.01925595238095238,0.22023809523809526
quant_modeler,economist,2020-06-28,0.03975490196078431,0.2499038831218762,0.02014705882352941,0.23029603998462128
quant_modeler,jhk,2020-06-28,0.04566964285714286,0.25,0.03674107142857143,0.24107142857142858
quant_modeler,538,2020-06-29,0.04919642857142857,0.25,0.022410714285714287,0.22321428571428573
quant_modeler,economist,2020-06-29,0.03897058823529412,0.2499038831218762,0.029166666666666667,0.24009996155324873
quant_modeler,jhk,2020-06-29,0.046741071428571423,0.25,0.046741071428571423,0.25
quant_modeler,538,2020-06-30,0.048035714285714286,0.25,0.02720238095238095,0.22916666666666669
quant_modeler,economist,2020-06-30,0.04083333333333333,0.2499038831218762,0.02122549019607843,0.23029603998462128
quant_modeler,jhk,2020-06-30,0.0459375,0.25,0.03700892857142857,0.24107142857142858
quant_modeler,538,2020-07-01,0.047723214285714285,0.25,0.026889880952380953,0.22916666666666669
quant_modeler,economist,2020-07-01,0.04083333333333333,0.2499038831218762,0.02122549019607843,0.23029603998462128
quant_modeler,jhk,2020-07-01,0.0459375,0.25,0.03700892857142857,0.24107142857142858
quant_modeler,538,2020-07-02,0.0478125,0.25,0.026979166666666665,0.22916666666666669
quant_modeler,economist,2020-07-02,0.040049019607843135,0.2499038831218762,0.020441176470588233,0.23029603998462128
quant_modeler,jhk,2020-07-02,0.0459375,0.25,0.03700892857142857,0.24107142857142858
quant_modeler,538,2020-07-03,0.047678571428571424,0.25,0.026845238095238092,0.22916666666666669
quant_modeler,economist,2020-07-03,0.038137254901960786,0.2499038831218762,0.028333333333333335,0.24009996155324873
quant_modeler,jhk,2020-07-03,0.045714285714285714,0.25,0.045714285714285714,0.25
quant_modeler,538,2020-07-04,0.047366071428571424,0.25,0.03546130952380953,0.2380952380952381
quant_modeler,economist,2020-07-04,0.037745098039215684,0.2499038831218762,0.027941176470588237,0.24009996155324873
quant_modeler,jhk,2020-07-04,0.04602678571428571,0.25,0.04602678571428571,0.25
quant_modeler,538,2020-07-05,0.046919642857142854,0.25,0.03501488095238096,0.2380952380952381
quant_modeler,economist,2020-07-05,0.037745098039215684,0.2499038831218762,0.027941176470588237,0.24009996155324873
quant_modeler,jhk,2020-07-05,0.045714285714285714,0.25,0.03678571428571429,0.24107142857142858
quant_modeler,538,2020-07-06,0.04915178571428571,0.25,0.028318452380952378,0.22916666666666669
quant_modeler,economist,2020-07-06,0.037450980392156864,0.2499038831218762,0.027647058823529413,0.24009996155324873
quant_modeler,jhk,2020-07-06,0.04441964285714285,0.25,0.032514880952380955,0.2380952380952381
quant_modeler,538,2020-07-07,0.04946428571428572,0.25,0.03755952380952381,0.2380952380952381
expert,cook,2020-07-07,0.052589285714285706,0.25,0.03473214285714285,0.23214285714285715
quant_modeler,economist,2020-07-07,0.038284313725490196,0.2499038831218762,0.02848039215686275,0.24009996155324873
quant_modeler,jhk,2020-07-07,0.044955357142857144,0.25,0.03305059523809524,0.2380952380952381
quant_modeler,538,2020-07-08,0.04875,0.25,0.027916666666666666,0.22916666666666669
quant_modeler,economist,2020-07-08,0.03872549019607843,0.2499038831218762,0.01911764705882353,0.23029603998462128
quant_modeler,jhk,2020-07-08,0.046383928571428576,0.25,0.037455357142857144,0.24107142857142858
quant_modeler,538,2020-07-09,0.04946428571428572,0.25,0.02863095238095238,0.22916666666666669
quant_modeler,economist,2020-07-09,0.03666666666666667,0.2499038831218762,0.02686274509803922,0.24009996155324873
quant_modeler,jhk,2020-07-09,0.04562499999999999,0.25,0.03669642857142857,0.24107142857142858
quant_modeler,538,2020-07-10,0.04915178571428571,0.25,0.028318452380952378,0.22916666666666669
quant_modeler,economist,2020-07-10,0.04014705882352941,0.2499038831218762,0.02053921568627451,0.23029603998462128
quant_modeler,jhk,2020-07-10,0.04669642857142857,0.25,0.03776785714285714,0.24107142857142858
quant_modeler,538,2020-07-11,0.05022321428571429,0.25,0.029389880952380952,0.22916666666666669
quant_modeler,economist,2020-07-11,0.03941176470588235,0.2499038831218762,0.019803921568627453,0.23029603998462128
quant_modeler,jhk,2020-07-11,0.045714285714285714,0.25,0.03678571428571429,0.24107142857142858
quant_modeler,538,2020-07-12,0.05013392857142857,0.25,0.03822916666666666,0.2380952380952381
quant_modeler,economist,2020-07-12,0.03887254901960784,0.2499038831218762,0.02906862745098039,0.24009996155324873
quant_modeler,jhk,2020-07-12,0.046294642857142854,0.25,0.03736607142857142,0.24107142857142858
quant_modeler,538,2020-07-13,0.05026785714285714,0.25,0.02943452380952381,0.22916666666666669
quant_modeler,economist,2020-07-13,0.039558823529411764,0.2499038831218762,0.039558823529411764,0.2499038831218762
quant_modeler,jhk,2020-07-13,0.046607142857142854,0.25,0.03470238095238095,0.2380952380952381
quant_modeler,538,2020-07-14,0.05102678571428571,0.25,0.027217261904761904,0.2261904761904762
expert,cook,2020-07-14,0.05848214285714285,0.25,0.037053571428571415,0.2285714285714286
quant_modeler,economist,2020-07-14,0.04205882352941177,0.2499038831218762,0.03225490196078431,0.24009996155324873
quant_modeler,jhk,2020-07-14,0.04549107142857143,0.25,0.033586309523809525,0.2380952380952381
expert,sabato,2020-07-14,0.06808035714285714,0.25,0.03236607142857142,0.21428571428571427
quant_modeler,538,2020-07-15,0.049375,0.25,0.02258928571428571,0.22321428571428573
quant_modeler,economist,2020-07-15,0.04245098039215686,0.2499038831218762,0.03264705882352941,0.24009996155324873
quant_modeler,jhk,2020-07-15,0.046830357142857146,0.25,0.037901785714285714,0.24107142857142858
quant_modeler,538,2020-07-16,0.05241071428571429,0.25,0.019672619047619046,0.21726190476190474
quant_modeler,economist,2020-07-16,0.043333333333333335,0.2499038831218762,0.033529411764705884,0.24009996155324873
quant_modeler,jhk,2020-07-16,0.04459821428571429,0.25,0.04459821428571429,0.25
quant_modeler,538,2020-07-17,0.05241071428571429,0.25,0.019672619047619046,0.21726190476190474
quant_modeler,economist,2020-07-17,0.04245098039215686,0.2499038831218762,0.03264705882352941,0.24009996155324873
expert,inside,2020-07-17,0.057450980392156854,0.2499038831218762,0.0345751633986928,0.22702806612841214
quant_modeler,jhk,2020-07-17,0.045580357142857145,0.25,0.045580357142857145,0.25
quant_modeler,538,2020-07-18,0.053526785714285714,0.25,0.0178125,0.21428571428571427
quant_modeler,economist,2020-07-18,0.04098039215686274,0.2499038831218762,0.03117647058823529,0.24009996155324873
quant_modeler,jhk,2020-07-18,0.046383928571428576,0.25,0.034479166666666665,0.2380952380952381
quant_modeler,538,2020-07-19,0.05299107142857142,0.25,0.017276785714285713,0.21428571428571427
quant_modeler,economist,2020-07-19,0.04245098039215686,0.2499038831218762,0.03264705882352941,0.24009996155324873
quant_modeler,jhk,2020-07-19,0.046607142857142854,0.25,0.03470238095238095,0.2380952380952381
quant_modeler,538,2020-07-20,0.054107142857142854,0.25,0.021369047619047617,0.21726190476190474
quant_modeler,economist,2020-07-20,0.042156862745098035,0.2499038831218762,0.02254901960784314,0.23029603998462128
quant_modeler,jhk,2020-07-20,0.04763392857142857,0.25,0.02680059523809524,0.22916666666666669
quant_modeler,538,2020-07-21,0.05285714285714286,0.25,0.029047619047619044,0.2261904761904762
quant_modeler,economist,2020-07-21,0.04220588235294118,0.2499038831218762,0.022598039215686275,0.23029603998462128
quant_modeler,jhk,2020-07-21,0.04741071428571429,0.25,0.026577380952380956,0.22916666666666669
quant_modeler,538,2020-07-22,0.05330357142857143,0.25,0.017589285714285714,0.21428571428571427
quant_modeler,economist,2020-07-22,0.04102941176470588,0.2499038831218762,0.031225490196078433,0.24009996155324873
quant_modeler,jhk,2020-07-22,0.04754464285714286,0.25,0.026711309523809523,0.22916666666666669
quant_modeler,538,2020-07-23,0.05370535714285714,0.25,0.017991071428571426,0.21428571428571427
expert,cook,2020-07-23,0.06366071428571428,0.25,0.030497448979591828,0.21683673469387754
quant_modeler,economist,2020-07-23,0.04186274509803922,0.2499038831218762,0.03205882352941177,0.24009996155324873
quant_modeler,jhk,2020-07-23,0.04776785714285715,0.25,0.026934523809523808,0.22916666666666669
quant_modeler,538,2020-07-24,0.0525,0.25,0.016785714285714286,0.21428571428571427
quant_modeler,economist,2020-07-24,0.04186274509803922,0.2499038831218762,0.03205882352941177,0.24009996155324873
quant_modeler,jhk,2020-07-24,0.04808035714285715,0.25,0.024270833333333335,0.2261904761904762
quant_modeler,538,2020-07-25,0.052455357142857144,0.25,0.016741071428571428,0.21428571428571427
quant_modeler,economist,2020-07-25,0.04093137254901961,0.2499038831218762,0.00661764705882353,0.2155901576316801
quant_modeler,jhk,2020-07-25,0.04794642857142857,0.25,0.024136904761904766,0.2261904761904762
quant_modeler,538,2020-07-26,0.05004464285714285,0.25,0.02921130952380952,0.22916666666666669
quant_modeler,economist,2020-07-26,0.041225490196078435,0.2499038831218762,0.031421568627450984,0.24009996155324873
quant_modeler,jhk,2020-07-26,0.046607142857142854,0.25,0.03470238095238095,0.2380952380952381
quant_modeler,538,2020-07-27,0.04852678571428571,0.25,0.02769345238095238,0.22916666666666669
quant_modeler,economist,2020-07-27,0.040196078431372545,0.2499038831218762,0.030392156862745098,0.24009996155324873
quant_modeler,jhk,2020-07-27,0.04549107142857143,0.25,0.04549107142857143,0.25
quant_modeler,538,2020-07-28,0.048035714285714286,0.25,0.02720238095238095,0.22916666666666669
quant_modeler,economist,2020-07-28,0.038235294117647055,0.2499038831218762,0.028431372549019607,0.24009996155324873
quant_modeler,jhk,2020-07-28,0.04674107142857143,0.25,0.034836309523809526,0.2380952380952381
quant_modeler,538,2020-07-29,0.04888392857142857,0.25,0.02805059523809524,0.22916666666666669
quant_modeler,economist,2020-07-29,0.03818627450980392,0.2499038831218762,0.02838235294117647,0.24009996155324873
quant_modeler,jhk,2020-07-29,0.046160714285714284,0.25,0.03425595238095238,0.2380952380952381
quant_modeler,538,2020-07-30,0.04808035714285714,0.25,0.027247023809523808,0.22916666666666669
quant_modeler,economist,2020-07-30,0.03740196078431372,0.2499038831218762,0.03740196078431372,0.2499038831218762
quant_modeler,jhk,2020-07-30,0.046607142857142854,0.25,0.03470238095238095,0.2380952380952381
quant_modeler,538,2020-07-31,0.050580357142857135,0.25,0.03867559523809523,0.2380952380952381
quant_modeler,economist,2020-07-31,0.03666666666666667,0.2499038831218762,0.03666666666666667,0.2499038831218762
quant_modeler,jhk,2020-07-31,0.046071428571428576,0.25,0.034166666666666665,0.2380952380952381
quant_modeler,538,2020-08-01,0.05008928571428571,0.25,0.03818452380952381,0.2380952380952381
quant_modeler,economist,2020-08-01,0.03740196078431372,0.2499038831218762,0.03740196078431372,0.2499038831218762
quant_modeler,jhk,2020-08-01,0.046919642857142854,0.25,0.026086309523809522,0.22916666666666669
quant_modeler,538,2020-08-02,0.05116071428571428,0.25,0.027351190476190473,0.2261904761904762
quant_modeler,economist,2020-08-02,0.03936274509803921,0.2499038831218762,0.029558823529411766,0.24009996155324873
quant_modeler,jhk,2020-08-02,0.0459375,0.25,0.034032738095238095,0.2380952380952381
quant_modeler,538,2020-08-03,0.04941964285714285,0.25,0.025610119047619045,0.2261904761904762
quant_modeler,economist,2020-08-03,0.03862745098039216,0.2499038831218762,0.028823529411764706,0.24009996155324873
quant_modeler,jhk,2020-08-03,0.04486607142857143,0.25,0.024032738095238093,0.22916666666666669
market,predictit,2020-08-03,0.0459375,0.25,0.023616071428571427,0.22767857142857142
quant_modeler,538,2020-08-04,0.04950892857142857,0.25,0.02421130952380952,0.22470238095238096
quant_modeler,economist,2020-08-04,0.037450980392156864,0.2499038831218762,0.037450980392156864,0.2499038831218762
quant_modeler,jhk,2020-08-04,0.04477678571428571,0.25,0.02394345238095238,0.22916666666666669
market,predictit,2020-08-04,0.0453125,0.25,0.022991071428571427,0.22767857142857142
quant_modeler,538,2020-08-05,0.04941964285714285,0.25,0.0315625,0.23214285714285715
quant_modeler,economist,2020-08-05,0.0371078431372549,0.2499038831218762,0.0371078431372549,0.2499038831218762
quant_modeler,jhk,2020-08-05,0.04491071428571429,0.25,0.02407738095238095,0.22916666666666669
market,predictit,2020-08-05,0.045,0.25,0.024166666666666666,0.22916666666666669
quant_modeler,538,2020-08-06,0.04928571428571428,0.25,0.031428571428571424,0.23214285714285715
quant_modeler,economist,2020-08-06,0.03985294117647059,0.2499038831218762,0.020245098039215686,0.23029603998462128
quant_modeler,jhk,2020-08-06,0.04459821428571429,0.25,0.02376488095238095,0.22916666666666669
market,predictit,2020-08-06,0.04424107142857143,0.25,0.032336309523809524,0.2380952380952381
quant_modeler,538,2020-08-07,0.049017857142857134,0.25,0.031160714285714285,0.23214285714285715
quant_modeler,economist,2020-08-07,0.038921568627450984,0.2499038831218762,0.01931372549019608,0.23029603998462128
quant_modeler,jhk,2020-08-07,0.04473214285714285,0.25,0.023898809523809524,0.22916666666666669
market,predictit,2020-08-07,0.04678571428571428,0.25,0.03785714285714285,0.24107142857142858
quant_modeler,538,2020-08-08,0.04803571428571428,0.25,0.039107142857142854,0.24107142857142858
quant_modeler,economist,2020-08-08,0.0392156862745098,0.2499038831218762,0.0196078431372549,0.23029603998462128
quant_modeler,jhk,2020-08-08,0.044642857142857144,0.25,0.023809523809523808,0.22916666666666669
market,predictit,2020-08-08,0.04401785714285714,0.25,0.03211309523809523,0.2380952380952381
quant_modeler,538,2020-08-09,0.048258928571428564,0.25,0.03933035714285714,0.24107142857142858
quant_modeler,economist,2020-08-09,0.0392156862745098,0.2499038831218762,0.0196078431372549,0.23029603998462128
quant_modeler,jhk,2020-08-09,0.04379464285714286,0.25,0.034866071428571434,0.24107142857142858
market,predictit,2020-08-09,0.04464285714285714,0.25,0.03273809523809523,0.2380952380952381
quant_modeler,538,2020-08-10,0.04763392857142857,0.25,0.038705357142857146,0.24107142857142858
quant_modeler,economist,2020-08-10,0.03784313725490196,0.2499038831218762,0.02803921568627451,0.24009996155324873
quant_modeler,jhk,2020-08-10,0.04397321428571428,0.25,0.03504464285714286,0.24107142857142858
market,predictit,2020-08-10,0.04410714285714285,0.25,0.03220238095238095,0.2380952380952381
quant_modeler,538,2020-08-11,0.04839285714285713,0.25,0.039464285714285716,0.24107142857142858
quant_modeler,economist,2020-08-11,0.0386764705882353,0.2499038831218762,0.0386764705882353,0.2499038831218762
quant_modeler,jhk,2020-08-11,0.04383928571428571,0.25,0.03491071428571429,0.24107142857142858
market,predictit,2020-08-11,0.04419642857142857,0.25,0.03229166666666666,0.2380952380952381
quant_modeler,538,2020-08-12,0.04852678571428571,0.25,0.039598214285714285,0.24107142857142858
quant_modeler,economist,2020-08-12,0.03784313725490196,0.2499038831218762,0.02803921568627451,0.24009996155324873
quant_modeler,jhk,2020-08-12,0.04401785714285714,0.25,0.03508928571428572,0.24107142857142858
market,predictit,2020-08-12,0.04517857142857142,0.25,0.04517857142857142,0.25
quant_modeler,538,2020-08-13,0.047366071428571424,0.25,0.0384375,0.24107142857142858
quant_modeler,economist,2020-08-13,0.03862745098039216,0.2499038831218762,0.03862745098039216,0.24990388312187622
quant_modeler,jhk,2020-08-13,0.04330357142857143,0.25,0.034375,0.24107142857142858
market,predictit,2020-08-13,0.0434375,0.25,0.022604166666666665,0.22916666666666669
quant_modeler,538,2020-08-14,0.04598214285714285,0.25,0.03705357142857142,0.24107142857142858
quant_modeler,economist,2020-08-14,0.037598039215686274,0.2499038831218762,0.027794117647058823,0.24009996155324873
quant_modeler,jhk,2020-08-14,0.04330357142857143,0.25,0.034375,0.24107142857142858
market,predictit,2020-08-14,0.044330357142857144,0.25,0.044330357142857144,0.25
quant_modeler,538,2020-08-15,0.04745535714285714,0.25,0.03852678571428571,0.24107142857142858
quant_modeler,economist,2020-08-15,0.03784313725490196,0.2499038831218762,0.02803921568627451,0.24009996155324873
quant_modeler,jhk,2020-08-15,0.04491071428571429,0.25,0.02407738095238095,0.22916666666666669
market,predictit,2020-08-15,0.04348214285714285,0.25,0.04348214285714285,0.25
quant_modeler,538,2020-08-16,0.047410714285714285,0.25,0.038482142857142854,0.24107142857142858
quant_modeler,economist,2020-08-16,0.03784313725490196,0.2499038831218762,0.02803921568627451,0.24009996155324873
quant_modeler,jhk,2020-08-16,0.044196428571428574,0.25,0.02633928571428571,0.23214285714285715
market,predictit,2020-08-16,0.04450892857142857,0.25,0.035580357142857136,0.24107142857142858
quant_modeler,538,2020-08-17,0.04566964285714285,0.25,0.03674107142857142,0.24107142857142858
quant_modeler,economist,2020-08-17,0.03705882352941176,0.2499038831218762,0.02725490196078431,0.24009996155324873
quant_modeler,jhk,2020-08-17,0.04415178571428572,0.25,0.026294642857142857,0.23214285714285715
market,predictit,2020-08-17,0.043526785714285705,0.25,0.03459821428571428,0.24107142857142858
quant_modeler,538,2020-08-18,0.045,0.25,0.036071428571428574,0.24107142857142858
quant_modeler,economist,2020-08-18,0.038431372549019606,0.2499038831218762,0.018823529411764704,0.2302960399846213
quant_modeler,jhk,2020-08-18,0.044375,0.25,0.02651785714285714,0.23214285714285715
market,predictit,2020-08-18,0.04486607142857142,0.25,0.027008928571428566,0.23214285714285715
quant_modeler,538,2020-08-19,0.047410714285714285,0.25,0.038482142857142854,0.24107142857142858
quant_modeler,economist,2020-08-19,0.03735294117647059,0.2499038831218762,0.027549019607843138,0.24009996155324873
quant_modeler,jhk,2020-08-19,0.044375,0.25,0.02651785714285714,0.23214285714285715
market,predictit,2020-08-19,0.043392857142857136,0.25,0.02553571428571428,0.23214285714285715
quant_modeler,538,2020-08-20,0.04638392857142857,0.25,0.03745535714285714,0.24107142857142858
quant_modeler,economist,2020-08-20,0.03725490196078431,0.2499038831218762,0.027450980392156862,0.24009996155324873
quant_modeler,jhk,2020-08-20,0.044508928571428574,0.25,0.026651785714285715,0.23214285714285715
market,predictit,2020-08-20,0.0434375,0.25,0.03450892857142857,0.24107142857142858
quant_modeler,538,2020-08-21,0.045848214285714284,0.25,0.03394345238095238,0.2380952380952381
quant_modeler,economist,2020-08-21,0.03740196078431372,0.2499038831218762,0.01779411764705882,0.2302960399846213
quant_modeler,jhk,2020-08-21,0.044508928571428574,0.25,0.026651785714285715,0.23214285714285715
market,predictit,2020-08-21,0.04285714285714285,0.25,0.033928571428571426,0.24107142857142858
quant_modeler,538,2020-08-22,0.046741071428571423,0.25,0.03781249999999999,0.24107142857142858
quant_modeler,economist,2020-08-22,0.03740196078431372,0.2499038831218762,0.01779411764705882,0.2302960399846213
quant_modeler,jhk,2020-08-22,0.044375,0.25,0.02651785714285714,0.23214285714285715
market,predictit,2020-08-22,0.042812499999999996,0.25,0.024955357142857137,0.23214285714285715
quant_modeler,538,2020-08-23,0.04508928571428571,0.25,0.0331845238095238,0.2380952380952381
quant_modeler,economist,2020-08-23,0.038284313725490196,0.2499038831218762,0.018676470588235294,0.23029603998462128
quant_modeler,jhk,2020-08-23,0.04415178571428572,0.25,0.026294642857142857,0.23214285714285715
market,predictit,2020-08-23,0.043705357142857136,0.25,0.025848214285714283,0.23214285714285715
quant_modeler,538,2020-08-24,0.04633928571428571,0.25,0.034434523809523804,0.2380952380952381
quant_modeler,economist,2020-08-24,0.03720588235294118,0.2499038831218762,0.027401960784313728,0.24009996155324873
quant_modeler,jhk,2020-08-24,0.04348214285714286,0.25,0.03455357142857143,0.24107142857142858
market,predictit,2020-08-24,0.04325892857142856,0.25,0.022425595238095234,0.22916666666666669
quant_modeler,538,2020-08-25,0.04450892857142857,0.25,0.035580357142857136,0.24107142857142858
quant_modeler,economist,2020-08-25,0.037450980392156864,0.2499038831218762,0.027647058823529413,0.24009996155324873
quant_modeler,jhk,2020-08-25,0.045714285714285714,0.25,0.024880952380952375,0.22916666666666669
market,predictit,2020-08-25,0.044285714285714275,0.25,0.026428571428571423,0.23214285714285715
quant_modeler,538,2020-08-26,0.04665178571428571,0.25,0.037723214285714284,0.24107142857142858
quant_modeler,economist,2020-08-26,0.03794117647058824,0.2499038831218762,0.03794117647058824,0.2499038831218762
quant_modeler,jhk,2020-08-26,0.04482142857142857,0.25,0.026964285714285715,0.23214285714285715
market,predictit,2020-08-26,0.044598214285714276,0.25,0.02078869047619047,0.2261904761904762
quant_modeler,538,2020-08-27,0.04602678571428571,0.25,0.03709821428571428,0.24107142857142858
quant_modeler,economist,2020-08-27,0.035686274509803925,0.2499038831218762,0.035686274509803925,0.2499038831218762
quant_modeler,jhk,2020-08-27,0.04504464285714286,0.25,0.0271875,0.23214285714285715
market,predictit,2020-08-27,0.04589285714285714,0.25,0.023571428571428566,0.22767857142857142
quant_modeler,538,2020-08-28,0.04638392857142857,0.25,0.03745535714285714,0.24107142857142858
quant_modeler,economist,2020-08-28,0.035686274509803925,0.2499038831218762,0.035686274509803925,0.2499038831218762
quant_modeler,jhk,2020-08-28,0.045401785714285714,0.25,0.02456845238095238,0.22916666666666669
market,predictit,2020-08-28,0.04499999999999999,0.25,0.03607142857142857,0.24107142857142858
quant_modeler,538,2020-08-29,0.0465625,0.25,0.03763392857142857,0.24107142857142858
quant_modeler,economist,2020-08-29,0.036078431372549014,0.2499038831218762,0.036078431372549014,0.24990388312187622
quant_modeler,jhk,2020-08-29,0.045714285714285714,0.25,0.024880952380952375,0.22916666666666669
market,predictit,2020-08-29,0.04602678571428571,0.25,0.03709821428571428,0.24107142857142858
quant_modeler,538,2020-08-30,0.046741071428571423,0.25,0.03781249999999999,0.24107142857142858
quant_modeler,economist,2020-08-30,0.03720588235294118,0.2499038831218762,0.027401960784313725,0.24009996155324878
quant_modeler,jhk,2020-08-30,0.043883928571428574,0.25,0.026026785714285714,0.23214285714285715
market,predictit,2020-08-30,0.04732142857142856,0.25,0.023511904761904755,0.2261904761904762
quant_modeler,538,2020-08-31,0.047053571428571424,0.25,0.038125,0.24107142857142858
quant_modeler,economist,2020-08-31,0.03637254901960784,0.2499038831218762,0.03637254901960784,0.2499038831218762
quant_modeler,jhk,2020-08-31,0.0409375,0.25,0.03200892857142857,0.24107142857142858
market,predictit,2020-08-31,0.04723214285714285,0.25,0.024910714285714283,0.22767857142857142
quant_modeler,538,2020-09-01,0.04549107142857143,0.25,0.0365625,0.24107142857142858
quant_modeler,economist,2020-09-01,0.03431372549019608,0.2499038831218762,0.03431372549019608,0.24990388312187622
quant_modeler,jhk,2020-09-01,0.04151785714285715,0.25,0.02366071428571429,0.23214285714285715
market,predictit,2020-09-01,0.0469642857142857,0.25,0.026130952380952373,0.22916666666666669
quant_modeler,538,2020-09-02,0.04419642857142857,0.25,0.023363095238095235,0.22916666666666669
quant_modeler,economist,2020-09-02,0.03343137254901961,0.2499038831218762,0.03343137254901961,0.2499038831218762
quant_modeler,jhk,2020-09-02,0.04147321428571429,0.25,0.023616071428571427,0.23214285714285715
market,predictit,2020-09-02,0.04401785714285714,0.25,0.03211309523809523,0.2380952380952381
quant_modeler,538,2020-09-03,0.043526785714285705,0.25,0.022693452380952377,0.22916666666666669
quant_modeler,economist,2020-09-03,0.033578431372549025,0.2499038831218762,0.033578431372549025,0.24990388312187622
quant_modeler,jhk,2020-09-03,0.04147321428571429,0.25,0.023616071428571427,0.23214285714285715
market,predictit,2020-09-03,0.04330357142857143,0.25,0.034374999999999996,0.24107142857142858
quant_modeler,538,2020-09-04,0.04388392857142857,0.25,0.02007440476190476,0.2261904761904762
quant_modeler,economist,2020-09-04,0.033529411764705884,0.2499038831218762,0.033529411764705884,0.2499038831218762
expert,inside,2020-09-04,0.057450980392156854,0.2499038831218762,0.0345751633986928,0.22702806612841214
quant_modeler,jhk,2020-09-04,0.042053571428571426,0.25,0.033125,0.24107142857142858
market,predictit,2020-09-04,0.04285714285714286,0.25,0.033928571428571426,0.24107142857142858
quant_modeler,538,2020-09-05,0.04285714285714286,0.25,0.03095238095238095,0.2380952380952381
quant_modeler,economist,2020-09-05,0.033578431372549025,0.2499038831218762,0.033578431372549025,0.24990388312187622
quant_modeler,jhk,2020-09-05,0.04245535714285714,0.25,0.03352678571428572,0.24107142857142858
market,predictit,2020-09-05,0.04316964285714285,0.25,0.03126488095238095,0.2380952380952381
quant_modeler,538,2020-09-06,0.04285714285714286,0.25,0.03095238095238095,0.2380952380952381
quant_modeler,economist,2020-09-06,0.03279411764705883,0.2499038831218762,0.03279411764705883,0.24990388312187622
quant_modeler,jhk,2020-09-06,0.040848214285714286,0.25,0.02299107142857143,0.23214285714285715
market,predictit,2020-09-06,0.04330357142857143,0.25,0.031398809523809516,0.2380952380952381
quant_modeler,538,2020-09-07,0.04285714285714286,0.25,0.03095238095238095,0.2380952380952381
quant_modeler,economist,2020-09-07,0.03475490196078431,0.2499038831218762,0.03475490196078431,0.24990388312187622
quant_modeler,jhk,2020-09-07,0.042053571428571426,0.25,0.012291666666666664,0.22023809523809526
market,predictit,2020-09-07,0.04392857142857142,0.25,0.034999999999999996,0.24107142857142858
quant_modeler,538,2020-09-08,0.042812499999999996,0.25,0.03090773809523809,0.2380952380952381
quant_modeler,economist,2020-09-08,0.03284313725490196,0.2499038831218762,0.02303921568627451,0.24009996155324878
quant_modeler,jhk,2020-09-08,0.04183035714285714,0.25,0.01206845238095238,0.22023809523809526
market,predictit,2020-09-08,0.041874999999999996,0.25,0.029970238095238088,0.2380952380952381
quant_modeler,538,2020-09-09,0.04424107142857143,0.25,0.026383928571428572,0.23214285714285715
quant_modeler,economist,2020-09-09,0.03475490196078431,0.2499038831218762,0.03475490196078431,0.24990388312187622
quant_modeler,jhk,2020-09-09,0.041874999999999996,0.25,0.012113095238095237,0.22023809523809526
market,predictit,2020-09-09,0.04281249999999999,0.25,0.03090773809523809,0.2380952380952381
quant_modeler,538,2020-09-10,0.04316964285714286,0.25,0.025312499999999998,0.23214285714285715
expert,cook,2020-09-10,0.0634375,0.25,0.042008928571428565,0.2285714285714286
quant_modeler,economist,2020-09-10,0.03485294117647059,0.2499038831218762,0.03485294117647059,0.24990388312187622
quant_modeler,jhk,2020-09-10,0.04116071428571429,0.25,0.023303571428571427,0.23214285714285715
market,predictit,2020-09-10,0.04437499999999999,0.25,0.035446428571428566,0.24107142857142858
expert,sabato,2020-09-10,0.06647321428571427,0.25,0.034330357142857135,0.21785714285714283
quant_modeler,538,2020-09-11,0.04366071428571428,0.25,0.02580357142857143,0.23214285714285715
quant_modeler,economist,2020-09-11,0.03299019607843137,0.2499038831218762,0.03299019607843137,0.2499038831218762
quant_modeler,jhk,2020-09-11,0.04191964285714286,0.25,0.02108630952380952,0.22916666666666669
market,predictit,2020-09-11,0.04531249999999999,0.25,0.03638392857142857,0.24107142857142858
quant_modeler,538,2020-09-12,0.04441964285714285,0.25,0.0265625,0.23214285714285715
quant_modeler,economist,2020-09-12,0.033872549019607845,0.2499038831218762,0.03387254901960784,0.24990388312187622
quant_modeler,jhk,2020-09-12,0.041428571428571426,0.25,0.020595238095238094,0.22916666666666669
market,predictit,2020-09-12,0.04455357142857142,0.25,0.03264880952380952,0.2380952380952381
quant_modeler,538,2020-09-13,0.04321428571428571,0.25,0.025357142857142856,0.23214285714285715
quant_modeler,economist,2020-09-13,0.033872549019607845,0.2499038831218762,0.033872549019607845,0.24990388312187622
quant_modeler,jhk,2020-09-13,0.04125,0.25,0.020416666666666666,0.22916666666666669
market,predictit,2020-09-13,0.04379464285714285,0.25,0.03486607142857142,0.24107142857142858
quant_modeler,538,2020-09-14,0.042187499999999996,0.25,0.02433035714285714,0.23214285714285715
quant_modeler,economist,2020-09-14,0.034068627450980396,0.2499038831218762,0.034068627450980396,0.24990388312187622
quant_modeler,jhk,2020-09-14,0.04308035714285714,0.25,0.01331845238095238,0.22023809523809526
market,predictit,2020-09-14,0.04303571428571428,0.25,0.03410714285714285,0.24107142857142858
quant_modeler,538,2020-09-15,0.04321428571428571,0.25,0.025357142857142856,0.23214285714285715
quant_modeler,economist,2020-09-15,0.034362745098039216,0.2499038831218762,0.034362745098039216,0.2499038831218762
quant_modeler,jhk,2020-09-15,0.042991071428571434,0.25,0.0221577380952381,0.22916666666666669
market,predictit,2020-09-15,0.0440625,0.25,0.035133928571428566,0.24107142857142858
quant_modeler,538,2020-09-16,0.043705357142857136,0.25,0.025848214285714287,0.23214285714285715
quant_modeler,economist,2020-09-16,0.03455882352941177,0.2499038831218762,0.03455882352941177,0.2499038831218762
quant_modeler,jhk,2020-09-16,0.040625,0.25,0.03169642857142858,0.24107142857142858
market,predictit,2020-09-16,0.04290178571428571,0.25,0.03397321428571428,0.24107142857142858
quant_modeler,538,2020-09-17,0.04397321428571428,0.25,0.03504464285714286,0.24107142857142858
expert,cook,2020-09-17,0.06183035714285713,0.25,0.04843749999999999,0.23660714285714285
quant_modeler,economist,2020-09-17,0.03553921568627451,0.2499038831218762,0.03553921568627451,0.2499038831218762
quant_modeler,jhk,2020-09-17,0.04116071428571429,0.25,0.03223214285714286,0.24107142857142858
market,predictit,2020-09-17,0.043080357142857136,0.25,0.03415178571428571,0.24107142857142858
quant_modeler,538,2020-09-18,0.043258928571428566,0.25,0.025401785714285714,0.23214285714285715
quant_modeler,economist,2020-09-18,0.034215686274509806,0.2499038831218762,0.034215686274509806,0.2499038831218762
expert,inside,2020-09-18,0.057450980392156854,0.2499038831218762,0.0345751633986928,0.22702806612841214
quant_modeler,jhk,2020-09-18,0.042187499999999996,0.25,0.024330357142857143,0.23214285714285715
market,predictit,2020-09-18,0.04254464285714286,0.25,0.033616071428571426,0.24107142857142858
quant_modeler,538,2020-09-19,0.043258928571428566,0.25,0.025401785714285714,0.23214285714285715
quant_modeler,economist,2020-09-19,0.033529411764705884,0.2499038831218762,0.033529411764705884,0.24990388312187622
quant_modeler,jhk,2020-09-19,0.04080357142857143,0.25,0.031875,0.24107142857142858
market,predictit,2020-09-19,0.04227678571428571,0.25,0.030372023809523804,0.2380952380952381
quant_modeler,538,2020-09-20,0.04303571428571428,0.25,0.02517857142857143,0.23214285714285715
quant_modeler,economist,2020-09-20,0.0332843137254902,0.2499038831218762,0.0332843137254902,0.2499038831218762
quant_modeler,jhk,2020-09-20,0.039642857142857146,0.25,0.02773809523809524,0.2380952380952381
market,predictit,2020-09-20,0.04366071428571428,0.25,0.03175595238095238,0.2380952380952381
quant_modeler,538,2020-09-21,0.04316964285714286,0.25,0.025312499999999998,0.23214285714285715
quant_modeler,economist,2020-09-21,0.032549019607843135,0.2499038831218762,0.032549019607843135,0.24990388312187622
quant_modeler,jhk,2020-09-21,0.04017857142857143,0.25,0.028273809523809527,0.2380952380952381
market,predictit,2020-09-21,0.043705357142857136,0.25,0.03180059523809523,0.2380952380952381
expert,sabato,2020-09-21,0.06808035714285714,0.25,0.03325892857142856,0.21517857142857144
quant_modeler,538,2020-09-22,0.04245535714285714,0.25,0.03352678571428571,0.24107142857142858
quant_modeler,economist,2020-09-22,0.032205882352941174,0.2499038831218762,0.032205882352941174,0.2499038831218762
quant_modeler,jhk,2020-09-22,0.04080357142857143,0.25,0.022946428571428572,0.23214285714285715
market,predictit,2020-09-22,0.045178571428571415,0.25,0.03327380952380952,0.2380952380952381
quant_modeler,538,2020-09-23,0.04178571428571428,0.25,0.032857142857142856,0.24107142857142858
quant_modeler,economist,2020-09-23,0.033676470588235294,0.2499038831218762,0.033676470588235294,0.2499038831218762
quant_modeler,jhk,2020-09-23,0.04214285714285714,0.25,0.02130952380952381,0.22916666666666669
market,predictit,2020-09-23,0.04419642857142857,0.25,0.032291666666666656,0.2380952380952381
quant_modeler,538,2020-09-24,0.0434375,0.25,0.03450892857142857,0.24107142857142858
quant_modeler,economist,2020-09-24,0.032892156862745096,0.2499038831218762,0.032892156862745096,0.2499038831218762
quant_modeler,jhk,2020-09-24,0.04071428571428572,0.25,0.016904761904761905,0.2261904761904762
market,predictit,2020-09-24,0.04651785714285713,0.25,0.03758928571428571,0.24107142857142858
quant_modeler,538,2020-09-25,0.04446428571428571,0.25,0.03553571428571429,0.24107142857142858
quant_modeler,economist,2020-09-25,0.032892156862745096,0.2499038831218762,0.032892156862745096,0.2499038831218762
quant_modeler,jhk,2020-09-25,0.040535714285714286,0.25,0.016726190476190478,0.2261904761904762
market,predictit,2020-09-25,0.04392857142857142,0.25,0.034999999999999996,0.24107142857142858
quant_modeler,538,2020-09-26,0.04517857142857142,0.25,0.027321428571428573,0.23214285714285715
quant_modeler,economist,2020-09-26,0.034215686274509806,0.2499038831218762,0.034215686274509806,0.2499038831218762
quant_modeler,jhk,2020-09-26,0.042544642857142864,0.25,0.012782738095238095,0.22023809523809526
market,predictit,2020-09-26,0.045491071428571415,0.25,0.03656249999999999,0.24107142857142858
quant_modeler,538,2020-09-27,0.0459375,0.25,0.03700892857142857,0.24107142857142858
quant_modeler,economist,2020-09-27,0.032892156862745096,0.2499038831218762,0.032892156862745096,0.2499038831218762
quant_modeler,jhk,2020-09-27,0.04058035714285714,0.25,0.02867559523809524,0.2380952380952381
market,predictit,2020-09-27,0.04767857142857142,0.25,0.04767857142857142,0.25
quant_modeler,538,2020-09-28,0.044196428571428574,0.25,0.03526785714285714,0.24107142857142858
quant_modeler,economist,2020-09-28,0.03406862745098039,0.2499038831218762,0.02099673202614379,0.2368319876970396
quant_modeler,jhk,2020-09-28,0.04031250000000001,0.25,0.03138392857142857,0.24107142857142858
market,predictit,2020-09-28,0.04482142857142856,0.25,0.035892857142857136,0.24107142857142858
quant_modeler,538,2020-09-29,0.043750000000000004,0.25,0.03482142857142857,0.24107142857142858
expert,cook,2020-09-29,0.06504464285714284,0.25,0.050163690476190466,0.23511904761904762
quant_modeler,economist,2020-09-29,0.032107843137254906,0.2499038831218762,0.032107843137254906,0.2499038831218762
quant_modeler,jhk,2020-09-29,0.038571428571428576,0.25,0.038571428571428576,0.25
market,predictit,2020-09-29,0.042321428571428565,0.25,0.03339285714285714,0.24107142857142858
quant_modeler,538,2020-09-30,0.04424107142857143,0.25,0.026383928571428572,0.23214285714285715
quant_modeler,economist,2020-09-30,0.034705882352941184,0.2499038831218762,0.02490196078431373,0.24009996155324873
quant_modeler,jhk,2020-09-30,0.04026785714285714,0.25,0.04026785714285714,0.25
market,predictit,2020-09-30,0.04446428571428571,0.25,0.03553571428571428,0.24107142857142858
quant_modeler,538,2020-10-01,0.043883928571428574,0.25,0.03495535714285715,0.24107142857142858
quant_modeler,economist,2020-10-01,0.0328921568627451,0.2499038831218762,0.0328921568627451,0.2499038831218762
expert,inside,2020-10-01,0.057450980392156854,0.2499038831218762,0.0345751633986928,0.22702806612841214
quant_modeler,jhk,2020-10-01,0.040625,0.25,0.040625,0.25
market,predictit,2020-10-01,0.04366071428571428,0.25,0.03473214285714286,0.24107142857142858
expert,sabato,2020-10-01,0.06794642857142856,0.25,0.04413690476190475,0.2261904761904762
quant_modeler,538,2020-10-02,0.04241071428571429,0.25,0.033482142857142856,0.24107142857142858
quant_modeler,economist,2020-10-02,0.03323529411764706,0.2499038831218762,0.02343137254901961,0.24009996155324873
quant_modeler,jhk,2020-10-02,0.040625,0.25,0.040625,0.25
market,predictit,2020-10-02,0.047589285714285716,0.25,0.038660714285714284,0.24107142857142858
quant_modeler,538,2020-10-03,0.04232142857142857,0.25,0.03339285714285714,0.24107142857142858
quant_modeler,economist,2020-10-03,0.03397058823529412,0.2499038831218762,0.02416666666666667,0.24009996155324873
quant_modeler,jhk,2020-10-03,0.040625,0.25,0.040625,0.25
market,predictit,2020-10-03,0.0465625,0.25,0.03763392857142857,0.24107142857142858
quant_modeler,538,2020-10-04,0.04040178571428571,0.25,0.04040178571428571,0.25
quant_modeler,economist,2020-10-04,0.03294117647058824,0.2499038831218762,0.023137254901960787,0.24009996155324873
quant_modeler,jhk,2020-10-04,0.0390625,0.25,0.0390625,0.25
market,predictit,2020-10-04,0.045625000000000006,0.25,0.036696428571428574,0.24107142857142858
quant_modeler,538,2020-10-05,0.03995535714285714,0.25,0.031026785714285715,0.24107142857142858
quant_modeler,economist,2020-10-05,0.03215686274509804,0.2499038831218762,0.03215686274509804,0.2499038831218762
quant_modeler,jhk,2020-10-05,0.0390625,0.25,0.0390625,0.25
market,predictit,2020-10-05,0.04410714285714285,0.25,0.03220238095238095,0.2380952380952381
quant_modeler,538,2020-10-06,0.040223214285714286,0.25,0.022366071428571426,0.23214285714285715
quant_modeler,economist,2020-10-06,0.031274509803921574,0.2499038831218762,0.02147058823529412,0.24009996155324873
quant_modeler,jhk,2020-10-06,0.04026785714285715,0.25,0.031339285714285715,0.24107142857142858
market,predictit,2020-10-06,0.044508928571428574,0.25,0.03260416666666666,0.2380952380952381
quant_modeler,538,2020-10-07,0.04165178571428572,0.25,0.023794642857142858,0.23214285714285715
quant_modeler,economist,2020-10-07,0.034999999999999996,0.2499038831218762,0.034999999999999996,0.2499038831218762
quant_modeler,jhk,2020-10-07,0.04410714285714286,0.25,0.032202380952380955,0.2380952380952381
market,predictit,2020-10-07,0.04566964285714286,0.25,0.03674107142857143,0.24107142857142858
quant_modeler,538,2020-10-08,0.042053571428571426,0.25,0.030148809523809526,0.2380952380952381
quant_modeler,economist,2020-10-08,0.03524509803921569,0.2499038831218762,0.03524509803921569,0.24990388312187622
quant_modeler,jhk,2020-10-08,0.04370535714285715,0.25,0.03477678571428571,0.24107142857142858
market,predictit,2020-10-08,0.04486607142857143,0.25,0.032961309523809525,0.2380952380952381
expert,sabato,2020-10-08,0.06263392857142856,0.25,0.047752976190476186,0.23511904761904762
quant_modeler,538,2020-10-09,0.04308035714285714,0.25,0.031175595238095242,0.2380952380952381
quant_modeler,economist,2020-10-09,0.03666666666666667,0.2499038831218762,0.02686274509803922,0.24009996155324878
quant_modeler,jhk,2020-10-09,0.043437500000000004,0.25,0.03153273809523809,0.2380952380952381
market,predictit,2020-10-09,0.04276785714285714,0.25,0.030863095238095238,0.2380952380952381
quant_modeler,538,2020-10-10,0.044062500000000004,0.25,0.02322916666666667,0.22916666666666669
quant_modeler,economist,2020-10-10,0.03666666666666667,0.2499038831218762,0.02686274509803922,0.24009996155324878
quant_modeler,jhk,2020-10-10,0.04415178571428572,0.25,0.03522321428571428,0.24107142857142858
market,predictit,2020-10-10,0.04316964285714286,0.25,0.034241071428571426,0.24107142857142858
quant_modeler,538,2020-10-11,0.044196428571428574,0.25,0.02336309523809524,0.22916666666666669
quant_modeler,economist,2020-10-11,0.03642156862745098,0.2499038831218762,0.03642156862745098,0.2499038831218762
quant_modeler,jhk,2020-10-11,0.04553571428571429,0.25,0.02767857142857143,0.23214285714285715
market,predictit,2020-10-11,0.04486607142857143,0.25,0.032961309523809525,0.2380952380952381
quant_modeler,538,2020-10-12,0.04549107142857143,0.25,0.015729166666666666,0.22023809523809526
quant_modeler,economist,2020-10-12,0.03725490196078431,0.2499038831218762,0.027450980392156866,0.24009996155324878
quant_modeler,jhk,2020-10-12,0.04674107142857143,0.25,0.028883928571428574,0.23214285714285715
market,predictit,2020-10-12,0.04209821428571429,0.25,0.033169642857142856,0.24107142857142858
quant_modeler,538,2020-10-13,0.04424107142857143,0.25,0.01745535714285714,0.22321428571428573
quant_modeler,economist,2020-10-13,0.03735294117647059,0.2499038831218762,0.024281045751633985,0.2368319876970396
quant_modeler,jhk,2020-10-13,0.046383928571428576,0.25,0.028526785714285716,0.23214285714285715
market,predictit,2020-10-13,0.043258928571428566,0.25,0.03135416666666666,0.2380952380952381
quant_modeler,538,2020-10-14,0.04227678571428572,0.25,0.021443452380952382,0.22916666666666669
quant_modeler,economist,2020-10-14,0.035490196078431374,0.2499038831218762,0.035490196078431374,0.24990388312187622
quant_modeler,jhk,2020-10-14,0.045714285714285714,0.25,0.027857142857142858,0.23214285714285715
market,predictit,2020-10-14,0.04209821428571429,0.25,0.033169642857142856,0.24107142857142858
quant_modeler,538,2020-10-15,0.04125,0.25,0.020416666666666666,0.22916666666666669
quant_modeler,economist,2020-10-15,0.0353921568627451,0.2499038831218762,0.02558823529411765,0.24009996155324878
quant_modeler,jhk,2020-10-15,0.046250000000000006,0.25,0.028392857142857143,0.23214285714285715
market,predictit,2020-10-15,0.04294642857142857,0.25,0.04294642857142857,0.25
quant_modeler,538,2020-10-16,0.04089285714285714,0.25,0.02005952380952381,0.22916666666666669
quant_modeler,economist,2020-10-16,0.035196078431372554,0.2499038831218762,0.0253921568627451,0.24009996155324873
expert,inside,2020-10-16,0.06313725490196077,0.2499038831218762,0.03862745098039215,0.22539407920030755
quant_modeler,jhk,2020-10-16,0.046250000000000006,0.25,0.028392857142857143,0.23214285714285715
market,predictit,2020-10-16,0.04321428571428571,0.25,0.04321428571428571,0.25
quant_modeler,538,2020-10-17,0.04026785714285714,0.25,0.01943452380952381,0.22916666666666669
quant_modeler,economist,2020-10-17,0.03455882352941177,0.2499038831218762,0.03455882352941177,0.2499038831218762
quant_modeler,jhk,2020-10-17,0.046250000000000006,0.25,0.028392857142857143,0.23214285714285715
market,predictit,2020-10-17,0.04236607142857143,0.25,0.04236607142857143,0.25
quant_modeler,538,2020-10-18,0.04044642857142857,0.25,0.01961309523809524,0.22916666666666669
quant_modeler,economist,2020-10-18,0.03544117647058824,0.2499038831218762,0.025637254901960786,0.24009996155324873
quant_modeler,jhk,2020-10-18,0.046250000000000006,0.25,0.028392857142857143,0.23214285714285715
market,predictit,2020-10-18,0.04151785714285714,0.25,0.04151785714285714,0.25
quant_modeler,538,2020-10-19,0.04294642857142857,0.25,0.019136904761904765,0.2261904761904762
quant_modeler,economist,2020-10-19,0.03455882352941177,0.2499038831218762,0.03455882352941177,0.2499038831218762
quant_modeler,jhk,2020-10-19,0.046250000000000006,0.25,0.028392857142857143,0.23214285714285715
market,predictit,2020-10-19,0.041741071428571426,0.25,0.041741071428571426,0.25
quant_modeler,538,2020-10-20,0.041607142857142856,0.25,0.01779761904761905,0.2261904761904762
quant_modeler,economist,2020-10-20,0.037303921568627454,0.2499038831218762,0.0275,0.24009996155324878
quant_modeler,jhk,2020-10-20,0.04553571428571429,0.25,0.02767857142857143,0.23214285714285715
market,predictit,2020-10-20,0.04276785714285714,0.25,0.04276785714285714,0.25
quant_modeler,538,2020-10-21,0.041607142857142856,0.25,0.020773809523809524,0.22916666666666669
quant_modeler,economist,2020-10-21,0.03544117647058824,0.2499038831218762,0.025637254901960786,0.24009996155324873
quant_modeler,jhk,2020-10-21,0.045580357142857145,0.25,0.02772321428571429,0.23214285714285715
market,predictit,2020-10-21,0.041651785714285704,0.25,0.03272321428571428,0.24107142857142858
quant_modeler,538,2020-10-22,0.041607142857142856,0.25,0.020773809523809524,0.22916666666666669
quant_modeler,economist,2020-10-22,0.03411764705882353,0.2499038831218762,0.02431372549019608,0.24009996155324873
quant_modeler,jhk,2020-10-22,0.045848214285714284,0.25,0.02799107142857143,0.23214285714285715
market,predictit,2020-10-22,0.04236607142857142,0.25,0.04236607142857142,0.25
quant_modeler,538,2020-10-23,0.0421875,0.25,0.021354166666666667,0.22916666666666669
quant_modeler,economist,2020-10-23,0.03529411764705882,0.2499038831218762,0.025490196078431372,0.24009996155324873
quant_modeler,jhk,2020-10-23,0.045848214285714284,0.25,0.02799107142857143,0.23214285714285715
market,predictit,2020-10-23,0.04316964285714286,0.25,0.034241071428571426,0.24107142857142858
quant_modeler,538,2020-10-24,0.04232142857142857,0.25,0.02148809523809524,0.22916666666666669
quant_modeler,economist,2020-10-24,0.034509803921568626,0.2499038831218762,0.034509803921568626,0.2499038831218762
quant_modeler,jhk,2020-10-24,0.044642857142857144,0.25,0.03571428571428571,0.24107142857142858
market,predictit,2020-10-24,0.04437499999999999,0.25,0.035446428571428566,0.24107142857142858
quant_modeler,538,2020-10-25,0.04245535714285714,0.25,0.021622023809523806,0.22916666666666669
quant_modeler,economist,2020-10-25,0.03848039215686274,0.2499038831218762,0.03848039215686274,0.24990388312187622
quant_modeler,jhk,2020-10-25,0.044642857142857144,0.25,0.03571428571428571,0.24107142857142858
market,predictit,2020-10-25,0.0440625,0.25,0.026205357142857138,0.23214285714285715
quant_modeler,538,2020-10-26,0.04075892857142858,0.25,0.02885416666666667,0.2380952380952381
quant_modeler,economist,2020-10-26,0.03926470588235294,0.2499038831218762,0.03926470588235294,0.2499038831218762
quant_modeler,jhk,2020-10-26,0.04424107142857143,0.25,0.035312500000000004,0.24107142857142858
market,predictit,2020-10-26,0.04116071428571428,0.25,0.032232142857142855,0.24107142857142858
quant_modeler,538,2020-10-27,0.039330357142857146,0.25,0.015520833333333334,0.2261904761904762
quant_modeler,economist,2020-10-27,0.03921568627450981,0.2499038831218762,0.03921568627450981,0.24990388312187622
quant_modeler,jhk,2020-10-27,0.043303571428571434,0.25,0.034375,0.24107142857142858
market,predictit,2020-10-27,0.041741071428571426,0.25,0.029836309523809522,0.2380952380952381
quant_modeler,538,2020-10-28,0.03705357142857143,0.25,0.028125000000000004,0.24107142857142858
expert,cook,2020-10-28,0.0666517857142857,0.25,0.05134566326530611,0.2346938775510204
quant_modeler,economist,2020-10-28,0.038970588235294125,0.2499038831218762,0.02916666666666667,0.24009996155324878
expert,inside,2020-10-28,0.06416666666666666,0.2499038831218762,0.04455882352941176,0.23029603998462128
quant_modeler,jhk,2020-10-28,0.0409375,0.25,0.03200892857142858,0.24107142857142858
market,predictit,2020-10-28,0.039687499999999994,0.25,0.026294642857142853,0.23660714285714285
quant_modeler,538,2020-10-29,0.04013392857142857,0.25,0.019300595238095238,0.22916666666666669
quant_modeler,economist,2020-10-29,0.03446078431372549,0.2499038831218762,0.02465686274509804,0.24009996155324873
quant_modeler,jhk,2020-10-29,0.04138392857142857,0.25,0.03245535714285715,0.24107142857142858
market,predictit,2020-10-29,0.038705357142857146,0.25,0.026800595238095238,0.2380952380952381
quant_modeler,538,2020-10-30,0.037812500000000006,0.25,0.037812500000000006,0.25
quant_modeler,economist,2020-10-30,0.033578431372549025,0.2499038831218762,0.02377450980392157,0.24009996155324873
quant_modeler,jhk,2020-10-30,0.041339285714285724,0.25,0.041339285714285724,0.25
market,predictit,2020-10-30,0.04004464285714286,0.25,0.0221875,0.23214285714285715
quant_modeler,538,2020-10-31,0.03799107142857143,0.25,0.0290625,0.24107142857142858
quant_modeler,economist,2020-10-31,0.03279411764705883,0.2499038831218762,0.022990196078431373,0.24009996155324873
quant_modeler,jhk,2020-10-31,0.04004464285714286,0.25,0.028139880952380954,0.2380952380952381
market,predictit,2020-10-31,0.03794642857142856,0.25,0.02901785714285714,0.24107142857142858
quant_modeler,538,2020-11-01,0.040401785714285716,0.25,0.040401785714285716,0.25
quant_modeler,economist,2020-11-01,0.03230392156862745,0.2499038831218762,0.03230392156862745,0.2499038831218762
quant_modeler,jhk,2020-11-01,0.039419642857142854,0.25,0.039419642857142854,0.25
market,predictit,2020-11-01,0.03852678571428571,0.25,0.03852678571428571,0.25
quant_modeler,538,2020-11-02,0.04004464285714286,0.25,0.028139880952380954,0.2380952380952381
quant_modeler,economist,2020-11-02,0.03480392156862745,0.2499038831218762,0.03480392156862745,0.2499038831218762
quant_modeler,jhk,2020-11-02,0.039999999999999994,0.25,0.039999999999999994,0.25
market,predictit,2020-11-02,0.040758928571428564,0.25,0.040758928571428564,0.25
expert,sabato,2020-11-02,0.056562499999999995,0.25,0.040937499999999995,0.234375
quant_modeler,538,2020-11-03,0.04004464285714286,0.25,0.028139880952380954,0.2380952380952381
quant_modeler,economist,2020-11-03,0.03637254901960785,0.2499038831218762,0.03637254901960785,0.2499038831218762
quant_modeler,jhk,2020-11-03,0.039642857142857146,0.25,0.02178571428571429,0.23214285714285715
